POLLUTANT_CODES,n,pct
300000329,41134,40.7
NA,13012,12.9
300000243,8906,8.8
300000322,4180,4.1
300000328,3535,3.5
300000005,2599,2.6
300000319,2333,2.3
10461,2174,2.1
300000242,2005,2
10193,1683,1.7
300000236,1523,1.5
7003,949,0.9
300000330,947,0.9
300000282,861,0.9
300000243 300000329,664,0.7
300000074,432,0.4
300000240,372,0.4
300000010,360,0.4
300000242 300000243,343,0.3
300000038,336,0.3
10373,286,0.3
10193 300000005,267,0.3
10358,259,0.3
300000243 300000322,225,0.2
300000319 300000322,218,0.2
300000322 300000329,217,0.2
300000047,207,0.2
300000005 300000329,167,0.2
10461 300000005,160,0.2
300000018,159,0.2
300000183,148,0.1
300000236 300000322,140,0.1
300000210,139,0.1
300000323,135,0.1
300000207,133,0.1
10193 300000005 300000243,131,0.1
300000036,131,0.1
300000242 300000329,127,0.1
300000319 300000329,122,0.1
300000328 300000329,119,0.1
5409,119,0.1
300000243 300000328,117,0.1
300000006,110,0.1
10461 300000005 300000322,107,0.1
10494,106,0.1
300000119,105,0.1
10193 300000282,100,0.1
10461 300000329,98,0.1
300000016,91,0.1
7003 300000329,91,0.1
300000301,89,0.1
10193 300000005 300000329,88,0.1
10461 300000322,87,0.1
10193 300000243,86,0.1
300000377,86,0.1
7003 10373 200000481,85,0.1
10193 300000329,84,0.1
300000312,82,0.1
300000243 300000319,79,0.1
300000005 300000243,78,0.1
300000180,78,0.1
10193 10461 300000005,77,0.1
10461 300000243,75,0.1
300000302,74,0.1
300000004,71,0.1
300000236 300000329,70,0.1
300000005 300000322,65,0.1
7003 10373,65,0.1
300000322 300000328,63,0.1
320002801,63,0.1
10193 300000005 300000322,62,0.1
300000234,60,0.1
300000305,60,0.1
300000331,59,0.1
300000243 300000330,56,0.1
300000242 300000243 300000329,55,0.1
10193 300000005 300000243 300000329,53,0.1
10193 300000243 300000282,51,0.1
10461 300000282,51,0.1
300000174,51,0.1
300000188,47,0
10193 10461,45,0
200000481,45,0
300000320,44,0
300000242 300000322,43,0
300000319 300000320,43,0
10461 300000319,41,0
300000282 300000329,41,0
10461 300000005 300000319,40,0
7003 300000243,40,0
300000329 300000330,39,0
10193 300000322,38,0
10193 300000322 300000329,38,0
10461 300000005 300000243,36,0
300000011,36,0
300000243 300000322 300000329,35,0
300000298,35,0
10193 300000243 300000329,34,0
10461 300000243 300000322,33,0
300000322 300000330,33,0
300000003,32,0
300000236 300000328,32,0
10193 10358,31,0
300000327,31,0
300000097,30,0
300000378,30,0
10193 10461 300000322,29,0
10461 300000005 300000329,29,0
300000015,29,0
300000236 300000243,29,0
300000242 300000243 300000322,29,0
300000243 300000328 300000329,29,0
2092,28,0
300000048,28,0
300000236 300000319,28,0
300000243 300000282,28,0
300000243 300000323,28,0
300000119 300000243,27,0
300000168,27,0
320002821,27,0
10193 300000005 300000319,26,0
300000005 300000243 300000329,26,0
300000017,26,0
10193 300000243 300000322,25,0
10461 300000236,25,0
300000322 300000323,24,0
10193 300000319,23,0
10373 200000481,23,0
300000005 300000243 300000322,23,0
300000302 300000322,23,0
300000005 300000322 300000329,22,0
300000243 300000305,22,0
10193 300000236,21,0
300000002,21,0
300000005 300000328,21,0
300000005 300000330,21,0
7003 300000236,21,0
10461 300000010,20,0
300000007,20,0
300000207 300000329,20,0
300000242 300000319,20,0
300000243 300000305 300000322,20,0
5409 300000329,20,0
10193 10461 300000243,19,0
10193 300000243 300000319,19,0
300000005 300000319,19,0
300000208,19,0
10193 10461 300000282,18,0
300000171,18,0
300000236 300000319 300000322,18,0
300000333,18,0
10193 10461 300000319,17,0
10193 300000243 300000282 300000328,17,0
300000005 300000236,17,0
300000005 300000319 300000322,17,0
300000307,17,0
7003 300000243 300000329,17,0
10461 300000322 300000329,16,0
5409 300000243,16,0
10193 10461 300000010 300000243 300000282,15,0
300000151,15,0
300000236 300000322 300000328,15,0
10193 300000330,14,0
10373 300000328,14,0
10373 300000329,14,0
10461 300000005 300000330,14,0
10461 300000243 300000319,14,0
10461 300000282 300000319,14,0
300000236 300000322 300000329,14,0
300000319 300000320 300000329,14,0
300000680,14,0
10193 10461 300000213 300000242 300000243 300000282 300000319,13,0
10193 10461 300000242 300000243,13,0
10193 300000006,13,0
10193 300000282 300000328,13,0
10373 200000481 300000322,13,0
10461 300000282 300000322,13,0
300000119 300000329,13,0
300000236 300000243 300000322,13,0
300000242 300000333,13,0
300000243 300000319 300000329,13,0
300000289,13,0
7003 300000282,13,0
10193 10461 300000207 300000213 300000242 300000243 300000282 300000319,12,0
10193 300000328,12,0
10461 300000006 300000322,12,0
10461 300000236 300000322,12,0
10461 300000319 300000322,12,0
300000076,12,0
300000234 300000329,12,0
300000243 300000319 300000322,12,0
5409 7003,12,0
10193 300000242,11,0
10358 300000328,11,0
10373 300000322,11,0
300000005 300000242,11,0
300000010 300000243,11,0
300000025,11,0
300000183 300000243,11,0
300000242 300000243 300000282,11,0
300000242 300000243 300000319,11,0
300000282 300000322,11,0
300000290,11,0
300000319 300000322 300000329,11,0
4186,11,0
7003 10461,11,0
10193 10358 300000243,10,0
10193 10461 300000329,10,0
10193 300000242 300000243,10,0
10193 300000243 300000282 300000329,10,0
10193 300000319 300000322,10,0
10358 10373,10,0
10461 300000005 300000236,10,0
10461 300000006,10,0
10461 300000242,10,0
10461 300000242 300000243,10,0
10461 300000328,10,0
300000017 300000018,10,0
300000026,10,0
300000094,10,0
300000215,10,0
300000242 300000330,10,0
300000243 300000322 300000330,10,0
300000319 300000320 300000322,10,0
10193 10373 10461 200000481 300000243 300000282,9,0
10193 10461 300000243 300000282,9,0
10373 300000243,9,0
10461 300000322 300000330,9,0
300000005 300000242 300000243,9,0
300000018 300000319,9,0
300000018 300000329,9,0
300000119 300000242,9,0
300000188 300000242,9,0
300000236 300000301,9,0
300000242 300000243 300000330,9,0
300000243 300000290,9,0
300000243 300000302,9,0
300000243 300000322 300000323,9,0
300000282 300000328,9,0
300000301 300000322,9,0
300000305 300000328 300000329,9,0
300000322 300000327,9,0
300000415,9,0
7003 10193,9,0
7003 10494,9,0
10193 300000005 300000207,8,0
10193 300000010 300000330,8,0
10193 300000302 300000322,8,0
10358 10461,8,0
10358 300000329,8,0
10461 300000282 300000329,8,0
300000003 300000322,8,0
300000005 300000319 300000329,8,0
300000018 300000322,8,0
300000207 300000243,8,0
300000236 300000243 300000328,8,0
300000236 300000302,8,0
300000236 300000302 300000319,8,0
300000236 300000322 300000330,8,0
300000236 300000323,8,0
300000242 300000319 300000322,8,0
300000242 300000328,8,0
300000243 300000322 300000328,8,0
5409 10494,8,0
5409 300000243 300000329,8,0
7003 10373 10494 200000481,8,0
7003 300000004,8,0
7003 300000236 300000329,8,0
7003 300000319,8,0
7003 300000328,8,0
10193 10358 10373 300000328,7,0
10193 10461 300000183 300000207 300000213 300000242 300000243 300000282 300000319,7,0
10193 10461 300000236,7,0
10193 300000005 300000330,7,0
10193 300000010,7,0
10193 300000243 300000282 300000328 300000329,7,0
10461 300000243 300000282,7,0
300000005 300000323,7,0
300000006 300000329,7,0
300000016 300000282,7,0
300000028,7,0
300000048 300000242,7,0
300000097 300000242 300000243,7,0
300000119 300000242 300000243,7,0
300000153,7,0
300000178,7,0
300000183 300000242,7,0
300000183 300000329,7,0
300000207 300000243 300000329,7,0
300000210 300000243,7,0
300000220 300000236,7,0
300000231,7,0
300000236 300000242,7,0
300000236 300000282,7,0
300000236 300000328 300000329,7,0
300000242 300000243 300000333,7,0
300000282 300000319,7,0
300000302 300000329,7,0
300000318,7,0
300000319 300000328,7,0
300000323 300000328,7,0
7003 300000291,7,0
10193 10358 10461,6,0
10193 10461 300000005 300000243 300000319,6,0
10193 10461 300000330,6,0
10193 300000006 300000243,6,0
10193 300000036,6,0
10193 300000236 300000243 300000282 300000328,6,0
10193 300000282 300000319,6,0
10358 10373 300000328,6,0
10358 300000243,6,0
10361,6,0
10373 10461,6,0
10461 300000015,6,0
10461 300000243 300000329,6,0
10461 300000330,6,0
200000481 300000243,6,0
300000005 300000207,6,0
300000005 300000243 300000319,6,0
300000035,6,0
300000207 300000242,6,0
300000210 300000329,6,0
300000220,6,0
300000236 300000243 300000329,6,0
300000236 300000322 300000323,6,0
300000242 300000243 300000328,6,0
300000242 300000322 300000329,6,0
300000243 300000319 300000322 300000329,6,0
300000243 300000329 300000330,6,0
300000302 300000330,6,0
7003 10358,6,0
7003 10373 200000481 300000243,6,0
7003 10373 200000481 300000329,6,0
7003 300000242,6,0
10193 10373,5,0
10193 10461 300000005 300000242 300000243 300000319,5,0
10193 10461 300000005 300000243,5,0
10193 10461 300000005 300000243 300000322,5,0
10193 10461 300000005 300000319,5,0
10193 300000006 300000322,5,0
10193 300000207,5,0
10193 300000282 300000329,5,0
10193 300000319 300000329,5,0
10461 300000005 300000242,5,0
300000005 300000006,5,0
300000006 300000322,5,0
300000010 300000329,5,0
300000011 300000018,5,0
300000036 300000322,5,0
300000038 300000319,5,0
300000038 300000329,5,0
300000054,5,0
300000145,5,0
300000174 300000243,5,0
300000179,5,0
300000187,5,0
300000188 300000242 300000243,5,0
300000188 300000329,5,0
300000218,5,0
300000236 300000330,5,0
300000243 300000294,5,0
300000243 300000319 300000320,5,0
300000243 300000333,5,0
300000291,5,0
300000305 300000322,5,0
300000319 300000330,5,0
300000321,5,0
300000326,5,0
300000326 300000327,5,0
300000376,5,0
300000673,5,0
5409 7003 300000243 300000329,5,0
7003 10193 10358 10373 10461 200000481 300000242 300000243,5,0
7003 300000036,5,0
7003 300000242 300000243,5,0
7003 300000327,5,0
10193 10461 300000005 300000017 300000018 300000039 300000048 300000090 300000097 300000120 300000129 300000178 300000183 300000228 300000242 300000243 300000319 300000322 300000329,4,0
10193 10461 300000010 300000016 300000176,4,0
10193 10461 300000207 300000213 300000242 300000243 300000282 300000322,4,0
10193 10461 300000242 300000243 300000282 300000319,4,0
10193 300000005 300000006,4,0
10193 300000242 300000243 300000282,4,0
10193 300000282 300000328 300000329,4,0
10193 300000319 300000322 300000329,4,0
10193 300000323,4,0
10373 300000236,4,0
10461 300000236 300000243,4,0
10461 300000236 300000243 300000322,4,0
10461 300000243 300000282 300000319,4,0
10461 300000302,4,0
10461 300000319 300000329,4,0
10461 300000322 300000328,4,0
300000004 300000322,4,0
300000005 300000236 300000322,4,0
300000005 300000242 300000329,4,0
300000005 300000282,4,0
300000010 300000236,4,0
300000015 300000017 300000018,4,0
300000016 300000329,4,0
300000018 300000243,4,0
300000018 300000298 300000329,4,0
300000018 300000328,4,0
300000018 300000330,4,0
300000020,4,0
300000028 300000215,4,0
300000037,4,0
300000039 300000322 300000323,4,0
300000042,4,0
300000095,4,0
300000097 300000329,4,0
300000107 300000242 300000243 300000333,4,0
300000107 300000243,4,0
300000119 300000330,4,0
300000171 300000329,4,0
300000210 300000243 300000305,4,0
300000226,4,0
300000228,4,0
300000230,4,0
300000236 300000242 300000243,4,0
300000236 300000242 300000322,4,0
300000236 300000243 300000330,4,0
300000236 300000301 300000322,4,0
300000301 300000328,4,0
300000301 300000329,4,0
300000302 300000328,4,0
300000312 300000329,4,0
300000319 300000322 300000328,4,0
5409 7003 10373 10494 200000481,4,0
5409 7003 300000243,4,0
5409 7003 300000329,4,0
7003 10193 10373 10461 200000481 300000243 300000282,4,0
7003 10373 300000329,4,0
7003 200000481,4,0
7003 300000038,4,0
10193 10358 300000328,3,0
10193 10373 10461 200000481 300000242 300000243 300000282,3,0
10193 10461 300000005 300000243 300000322 300000330,3,0
10193 10461 300000006,3,0
10193 10461 300000010,3,0
10193 10461 300000236 300000243 300000282 300000319 300000322,3,0
10193 10461 300000242,3,0
10193 300000005 300000207 300000243,3,0
10193 300000005 300000236,3,0
10193 300000005 300000242 300000243,3,0
10193 300000005 300000243 300000319 300000329,3,0
10193 300000005 300000243 300000322,3,0
10193 300000016 300000330,3,0
10193 300000018,3,0
10193 300000018 300000243,3,0
10193 300000038,3,0
10193 300000236 300000322,3,0
10193 300000242 300000329,3,0
10193 300000319 300000320,3,0
10193 300000322 300000330,3,0
10358 10373 10461,3,0
10358 10494,3,0
10358 300000236,3,0
10366,3,0
10373 200000481 300000243,3,0
10373 200000481 300000243 300000322 300000329,3,0
10373 300000243 300000329,3,0
10373 300000289,3,0
10461 300000005 300000183,3,0
10461 300000010 300000330,3,0
10461 300000038 300000322,3,0
10461 300000076,3,0
10461 300000236 300000319,3,0
10461 300000236 300000330,3,0
10461 300000242 300000322,3,0
10461 300000323,3,0
10494 300000329,3,0
200000481 300000328,3,0
200000842,3,0
2092 10193,3,0
300000003 300000242,3,0
300000004 300000329,3,0
300000005 300000183,3,0
300000005 300000236 300000319,3,0
300000005 300000312,3,0
300000005 300000329 300000330,3,0
300000006 300000319,3,0
300000010 300000322,3,0
300000011 300000329,3,0
300000016 300000322,3,0
300000018 300000242,3,0
300000018 300000322 300000329,3,0
300000038 300000318,3,0
300000038 300000319 300000322,3,0
300000038 300000322,3,0
300000038 300000330,3,0
300000048 300000097 300000153,3,0
300000048 300000290 300000328,3,0
300000068,3,0
300000097 300000242 300000243 300000329,3,0
300000097 300000243,3,0
300000107,3,0
300000108,3,0
300000119 300000242 300000329,3,0
300000168 300000329,3,0
300000180 300000329,3,0
300000183 300000242 300000243,3,0
300000183 300000243 300000329,3,0
300000183 300000322,3,0
300000183 300000330,3,0
300000188 300000243,3,0
300000209,3,0
300000227,3,0
300000236 300000320,3,0
300000236 300000329 300000680,3,0
300000243 300000282 300000322,3,0
300000243 300000312,3,0
300000282 300000329 300000680,3,0
300000298 300000329,3,0
300000301 300000330,3,0
300000302 300000322 300000330,3,0
300000304,3,0
300000305 300000329,3,0
300000307 300000329,3,0
300000311,3,0
300000312 300000330,3,0
300000319 300000320 300000322 300000329,3,0
300000319 300000322 300000323,3,0
300000319 300000323,3,0
300000322 300000323 300000328,3,0
300000328 300000330,3,0
5409 7003 300000236 300000329,3,0
7003 10193 10358,3,0
7003 10193 10358 10373 10461 300000320,3,0
7003 10193 10461 300000243 300000282,3,0
7003 10193 300000243,3,0
7003 10193 300000243 300000282,3,0
7003 10193 300000329,3,0
7003 10373 200000481 300000242,3,0
7003 10373 200000481 300000242 300000243,3,0
7003 10461 300000036,3,0
7003 10461 300000242,3,0
7003 10461 300000282,3,0
7003 300000243 300000328,3,0
7003 300000319 300000329,3,0
7003 300000322,3,0
10193 10358 10373 10461 200000481 300000242 300000243,2,0
10193 10358 10373 300000236 300000328,2,0
10193 10358 10373 300000243 300000322 300000328,2,0
10193 10358 300000016,2,0
10193 10358 300000016 300000107 300000207 300000243,2,0
10193 10373 10461 300000005 300000243,2,0
10193 10373 10461 300000282,2,0
10193 10373 300000243 300000282,2,0
10193 10461 300000003,2,0
10193 10461 300000005 300000017 300000018 300000228 300000242 300000243 300000307 300000319 300000322 300000329,2,0
10193 10461 300000005 300000018 300000025 300000036 300000038 300000243 300000298 300000322,2,0
10193 10461 300000005 300000236 300000242 300000322,2,0
10193 10461 300000005 300000236 300000322,2,0
10193 10461 300000005 300000243 300000319 300000322,2,0
10193 10461 300000005 300000243 300000319 300000329,2,0
10193 10461 300000010 300000016 300000060 300000176,2,0
10193 10461 300000010 300000183 300000242 300000243 300000282 300000319,2,0
10193 10461 300000037 300000242 300000243 300000282 300000319 300000322,2,0
10193 10461 300000183 300000207 300000242 300000243 300000282 300000319,2,0
10193 10461 300000207 300000213 300000242 300000243 300000282,2,0
10193 10461 300000207 300000242 300000243 300000282 300000319,2,0
10193 10461 300000213 300000242 300000243 300000282 300000320,2,0
10193 10461 300000213 300000243 300000282 300000319,2,0
10193 10461 300000236 300000282 300000329,2,0
10193 10461 300000242 300000243 300000282 300000319 300000322,2,0
10193 10461 300000242 300000282,2,0
10193 10461 300000243 300000282 300000319 300000322,2,0
10193 10461 300000243 300000322,2,0
10193 10461 300000282 300000322,2,0
10193 200000842,2,0
10193 300000003 300000329,2,0
10193 300000005 300000016,2,0
10193 300000005 300000038,2,0
10193 300000005 300000207 300000242 300000243,2,0
10193 300000005 300000243 300000319 300000320,2,0
10193 300000005 300000243 300000330,2,0
10193 300000005 300000289,2,0
10193 300000005 300000305 300000328,2,0
10193 300000005 300000328,2,0
10193 300000010 300000322,2,0
10193 300000016,2,0
10193 300000016 300000236 300000282,2,0
10193 300000018 300000036 300000242 300000243 300000322,2,0
10193 300000018 300000322,2,0
10193 300000018 300000329,2,0
10193 300000038 300000322,2,0
10193 300000180,2,0
10193 300000207 300000329,2,0
10193 300000234 300000282,2,0
10193 300000236 300000319,2,0
10193 300000243 300000282 300000319 300000320 300000322 300000328,2,0
10193 300000243 300000305,2,0
10193 300000243 300000328 300000329,2,0
10193 300000282 300000673,2,0
10193 300000298,2,0
10193 300000302 300000319,2,0
10193 300000305,2,0
10193 300000305 300000322,2,0
10193 300000314 300000322,2,0
10193 300000322 300000328,2,0
10193 300000328 300000329,2,0
10358 10461 300000076,2,0
10358 10461 300000328,2,0
10358 300000005 300000329,2,0
10358 300000010 300000328,2,0
10358 300000016,2,0
10358 300000282,2,0
10358 300000322,2,0
10358 300000415,2,0
10373 200000481 300000242 300000243,2,0
10373 300000322 300000329,2,0
10373 300000378,2,0
10461 200000481,2,0
10461 300000005 300000242 300000322,2,0
10461 300000005 300000243 300000319,2,0
10461 300000005 300000322 300000329,2,0
10461 300000006 300000319,2,0
10461 300000010 300000236,2,0
10461 300000017 300000018,2,0
10461 300000017 300000018 300000322,2,0
10461 300000018 300000243,2,0
10461 300000183,2,0
10461 300000183 300000242,2,0
10461 300000183 300000243,2,0
10461 300000236 300000282,2,0
10461 300000236 300000329,2,0
10461 300000243 300000305,2,0
10461 300000282 300000322 300000329,2,0
10461 300000282 300000328,2,0
10461 300000305 300000322,2,0
10461 300000322 300000323,2,0
10494 300000097,2,0
200000601,2,0
300000002 300000210,2,0
300000002 300000329,2,0
300000003 300000005 300000236,2,0
300000003 300000243,2,0
300000003 300000330,2,0
300000004 300000319,2,0
300000004 300000321 300000327,2,0
300000005 300000006 300000329,2,0
300000005 300000016,2,0
300000005 300000018 300000243,2,0
300000005 300000174,2,0
300000005 300000236 300000329,2,0
300000005 300000242 300000322,2,0
300000005 300000243 300000328,2,0
300000005 300000243 300000330,2,0
300000005 300000305,2,0
300000005 300000319 300000328,2,0
300000005 300000322 300000323,2,0
300000006 300000242 300000243,2,0
300000006 300000243 300000329,2,0
300000006 300000319 300000322,2,0
300000006 300000330,2,0
300000009 300000179 300000328,2,0
300000010 300000282,2,0
300000010 300000330,2,0
300000011 300000322,2,0
300000014,2,0
300000015 300000319,2,0
300000015 300000329,2,0
300000016 300000025 300000038 300000328,2,0
300000016 300000028 300000215,2,0
300000016 300000173 300000243,2,0
300000016 300000236 300000282,2,0
300000018 300000036 300000305,2,0
300000018 300000208 300000298,2,0
300000018 300000298 300000322,2,0
300000025 300000038,2,0
300000025 300000208,2,0
300000031,2,0
300000036 300000307,2,0
300000036 300000319,2,0
300000036 300000329,2,0
300000038 300000236,2,0
300000038 300000243,2,0
300000038 300000328,2,0
300000039,2,0
300000048 300000097 300000242 300000243,2,0
300000048 300000120 300000242,2,0
300000048 300000242 300000243,2,0
300000048 300000243,2,0
300000048 300000243 300000329,2,0
300000069,2,0
300000072,2,0
300000074 300000242 300000243 300000319 300000322 300000329,2,0
300000074 300000243,2,0
300000090,2,0
300000094 300000329,2,0
300000095 300000188 300000207 300000243,2,0
300000097 300000119 300000153 300000242 300000243 300000319,2,0
300000097 300000242,2,0
300000101 300000242 300000243,2,0
300000102,2,0
300000102 300000242,2,0
300000119 300000243 300000319,2,0
300000119 300000243 300000328,2,0
300000119 300000243 300000329,2,0
300000120,2,0
300000124,2,0
300000138,2,0
300000147,2,0
300000151 300000242,2,0
300000151 300000243,2,0
300000151 300000329,2,0
300000153 300000243 300000329,2,0
300000168 300000242,2,0
300000168 300000242 300000243,2,0
300000168 300000243,2,0
300000169,2,0
300000171 300000242,2,0
300000171 300000243,2,0
300000172,2,0
300000173 300000243 300000329,2,0
300000174 300000329,2,0
300000176,2,0
300000182,2,0
300000183 300000243 300000322,2,0
300000183 300000322 300000329,2,0
300000184,2,0
300000207 300000242 300000243,2,0
300000207 300000242 300000243 300000329,2,0
300000207 300000242 300000329,2,0
300000207 300000243 300000322,2,0
300000207 300000322,2,0
300000207 300000322 300000330,2,0
300000208 300000375,2,0
300000210 300000228,2,0
300000210 300000240,2,0
300000210 300000242,2,0
300000210 300000242 300000329,2,0
300000210 300000323,2,0
300000210 300000328,2,0
300000210 300000330,2,0
300000213,2,0
300000218 300000307,2,0
300000220 300000236 300000322,2,0
300000226 300000322,2,0
300000228 300000242 300000322,2,0
300000230 300000322,2,0
300000231 300000243,2,0
300000231 300000329,2,0
300000234 300000330,2,0
300000236 300000242 300000243 300000322,2,0
300000236 300000242 300000243 300000322 300000328,2,0
300000236 300000242 300000319 300000322,2,0
300000236 300000242 300000329,2,0
300000236 300000243 300000301,2,0
300000236 300000243 300000328 300000329,2,0
300000236 300000301 300000302,2,0
300000236 300000301 300000319,2,0
300000236 300000312,2,0
300000236 300000415,2,0
300000240 300000242,2,0
300000240 300000242 300000243,2,0
300000242 300000243 300000290,2,0
300000242 300000243 300000319 300000320,2,0
300000242 300000282,2,0
300000242 300000319 300000329,2,0
300000242 300000322 300000330,2,0
300000243 300000282 300000289,2,0
300000243 300000282 300000329,2,0
300000243 300000301,2,0
300000243 300000305 300000323,2,0
300000243 300000305 300000330,2,0
300000243 300000319 300000322 300000328,2,0
300000247,2,0
300000254,2,0
300000282 300000319 300000320,2,0
300000282 300000320,2,0
300000282 300000322 300000329,2,0
300000282 300000328 300000329,2,0
300000289 300000319,2,0
300000290 300000329,2,0
300000294,2,0
300000298 300000305,2,0
300000298 300000307,2,0
300000301 300000302,2,0
300000301 300000319,2,0
300000301 300000322 300000328,2,0
300000302 300000319 300000320 300000322 300000328 300000329,2,0
300000312 300000322,2,0
300000315,2,0
300000319 300000320 300000322 300000328,2,0
300000319 300000322 300000328 300000329,2,0
300000319 300000322 300000330,2,0
300000320 300000329,2,0
300000322 300000326 300000327,2,0
300000322 300000329 300000330,2,0
300000322 320002821,2,0
300000323 300000329,2,0
300000323 300000330,2,0
4167,2,0
4186 300000329,2,0
5409 10193 10358 10373 10461 10494 200000481,2,0
5409 10373 300000243 300000329,2,0
5409 10461,2,0
5409 300000242 300000243 300000330,2,0
5409 300000242 300000330,2,0
5409 7003 10193 10358 10373 10461 10494 200000481 300000038,2,0
5409 7003 10373 200000481,2,0
5409 7003 300000236,2,0
5409 7003 300000236 300000243 300000329,2,0
5617,2,0
6696 300000242 300000243,2,0
7003 10193 10358 10373 10461 200000481 300000243,2,0
7003 10193 10358 10461 10494,2,0
7003 10193 10461,2,0
7003 10193 300000282,2,0
7003 10358 10461,2,0
7003 10358 10461 300000036,2,0
7003 10358 300000329,2,0
7003 10373 10494 200000481 300000242,2,0
7003 10373 200000481 300000038 300000242,2,0
7003 10373 200000481 300000282,2,0
7003 10373 300000010 300000328,2,0
7003 10373 300000243,2,0
7003 300000018,2,0
7003 300000242 300000328,2,0
7003 300000243 300000282,2,0
7003 300000282 300000329,2,0
7003 300000312,2,0
7003 300000319 300000320,2,0
7003 320002821,2,0
10193 10358 10373,1,0
10193 10358 10373 10461,1,0
10193 10358 10373 10461 10494,1,0
10193 10358 10373 10461 10494 200000481,1,0
10193 10358 10373 10461 200000481,1,0
10193 10358 10373 10461 200000481 300000243,1,0
10193 10358 10373 300000243,1,0
10193 10358 10461 10494,1,0
10193 10358 10461 300000076,1,0
10193 10358 10461 300000242 300000243,1,0
10193 10358 10461 300000328,1,0
10193 10358 10494,1,0
10193 10358 300000005,1,0
10193 10358 300000005 300000243,1,0
10193 10358 300000010 300000207,1,0
10193 10358 300000047 300000329,1,0
10193 10358 300000188 300000243,1,0
10193 10358 300000207 300000243,1,0
10193 10358 300000208,1,0
10193 10358 300000242,1,0
10193 10373 10461 200000481 300000005 300000180 300000242 300000243 300000289 300000322 300000329,1,0
10193 10373 10461 300000322,1,0
10193 10373 200000481 300000007 300000242 300000243 300000322 300000329 300000330,1,0
10193 10373 200000481 300000007 300000242 300000243 300000322 300000330,1,0
10193 10373 200000481 300000243 300000282,1,0
10193 10373 200000481 300000282,1,0
10193 10373 300000018,1,0
10193 10373 300000282,1,0
10193 10461 10494 300000242 300000282 320002781,1,0
10193 10461 200000601,1,0
10193 10461 300000005 300000010,1,0
10193 10461 300000005 300000010 300000016 300000060 300000176 300000322,1,0
10193 10461 300000005 300000010 300000236 300000329,1,0
10193 10461 300000005 300000010 300000305,1,0
10193 10461 300000005 300000018 300000025 300000036 300000038 300000298 300000322,1,0
10193 10461 300000005 300000018 300000025 300000036 300000038 300000298 300000322 300000329,1,0
10193 10461 300000005 300000242 300000243 300000290,1,0
10193 10461 300000005 300000242 300000243 300000322,1,0
10193 10461 300000005 300000242 300000243 300000322 300000329,1,0
10193 10461 300000005 300000243 300000322 300000329,1,0
10193 10461 300000005 300000305 300000322,1,0
10193 10461 300000005 300000319 300000320,1,0
10193 10461 300000005 300000319 300000322,1,0
10193 10461 300000005 300000319 300000329,1,0
10193 10461 300000005 300000322,1,0
10193 10461 300000005 300000329,1,0
10193 10461 300000007 300000048 300000120 300000207 300000243 300000282,1,0
10193 10461 300000010 300000016 300000097 300000169 300000183,1,0
10193 10461 300000010 300000016 300000176 300000236,1,0
10193 10461 300000010 300000016 300000236 300000243 300000282 300000312 300000329,1,0
10193 10461 300000010 300000038 300000183 300000207 300000236 300000242 300000243 300000282 300000315 300000319 300000320 300000322,1,0
10193 10461 300000010 300000176 300000282 300000319 300000329,1,0
10193 10461 300000010 300000236,1,0
10193 10461 300000010 300000236 300000242 300000243 300000305,1,0
10193 10461 300000010 300000236 300000243,1,0
10193 10461 300000010 300000236 300000243 300000282,1,0
10193 10461 300000010 300000236 300000243 300000282 300000328 300000329 300000330,1,0
10193 10461 300000010 300000236 300000243 300000329,1,0
10193 10461 300000010 300000236 300000282 300000329,1,0
10193 10461 300000010 300000236 300000328 300000329,1,0
10193 10461 300000010 300000242 300000243 300000282,1,0
10193 10461 300000010 300000243,1,0
10193 10461 300000010 300000243 300000282 300000328 300000329,1,0
10193 10461 300000010 300000282,1,0
10193 10461 300000010 300000282 300000310,1,0
10193 10461 300000011 300000018 300000036 300000236 300000242 300000243 300000282 300000319 300000322,1,0
10193 10461 300000014 300000017 300000018 300000210 300000242 300000243 300000282 300000330,1,0
10193 10461 300000016 300000176 300000236,1,0
10193 10461 300000016 300000236 300000243 300000282 300000322,1,0
10193 10461 300000018,1,0
10193 10461 300000018 300000036 300000236 300000242 300000243 300000282 300000305 300000319 300000322 300000330,1,0
10193 10461 300000018 300000036 300000236 300000243 300000282 300000305,1,0
10193 10461 300000018 300000072 300000218 300000319,1,0
10193 10461 300000018 300000078 300000095 300000107 300000173 300000183 300000188 300000207 300000243 300000282 300000322,1,0
10193 10461 300000018 300000207 300000234 300000243 300000282 300000322,1,0
10193 10461 300000018 300000207 300000242 300000243 300000282 300000298 300000319 300000322,1,0
10193 10461 300000018 300000234 300000243 300000282 300000319,1,0
10193 10461 300000036 300000236 300000242 300000243,1,0
10193 10461 300000036 300000236 300000282 300000305 300000322 300000329,1,0
10193 10461 300000036 300000319,1,0
10193 10461 300000037 300000243 300000282 300000319,1,0
10193 10461 300000042 300000307 300000322,1,0
10193 10461 300000076 300000180 300000243 300000282 300000319,1,0
10193 10461 300000097 300000236 300000242 300000243 300000282 300000322,1,0
10193 10461 300000168 300000242 300000243 300000282 300000328 300000329,1,0
10193 10461 300000171 300000207 300000242 300000243 300000282 300000319 300000322,1,0
10193 10461 300000171 300000242 300000243 300000282 300000319 300000322,1,0
10193 10461 300000180 300000213 300000243 300000282 300000319,1,0
10193 10461 300000182 300000210 300000242 300000243 300000282 300000319 300000322,1,0
10193 10461 300000183,1,0
10193 10461 300000183 300000242 300000243 300000282,1,0
10193 10461 300000188 300000242 300000243 300000282,1,0
10193 10461 300000207 300000213 300000236 300000242 300000243 300000282 300000322,1,0
10193 10461 300000207 300000242 300000243 300000282 300000319 300000320 300000322,1,0
10193 10461 300000207 300000243 300000282 300000319,1,0
10193 10461 300000207 300000282 300000319,1,0
10193 10461 300000207 300000282 300000322,1,0
10193 10461 300000207 300000282 300000328,1,0
10193 10461 300000210 300000243 300000282 300000322,1,0
10193 10461 300000213 300000242 300000243 300000282 300000322,1,0
10193 10461 300000228,1,0
10193 10461 300000234,1,0
10193 10461 300000234 300000282 300000305 300000322 300000328,1,0
10193 10461 300000236 300000242 300000243 300000282 300000319 300000322,1,0
10193 10461 300000236 300000243 300000282 300000305 300000319 300000322,1,0
10193 10461 300000236 300000243 300000282 300000312 300000322,1,0
10193 10461 300000236 300000282 300000305 300000322 300000328,1,0
10193 10461 300000236 300000282 300000305 300000328 300000329,1,0
10193 10461 300000242 300000243 300000282,1,0
10193 10461 300000242 300000243 300000282 300000320,1,0
10193 10461 300000242 300000243 300000282 300000322,1,0
10193 10461 300000242 300000243 300000322,1,0
10193 10461 300000242 300000282 320002821,1,0
10193 10461 300000243 300000282 300000312 300000319 300000320 300000322 300000328,1,0
10193 10461 300000243 300000282 300000319 300000320 300000322 300000328 300000329,1,0
10193 10461 300000243 300000282 300000322,1,0
10193 10461 300000243 300000282 300000327,1,0
10193 10461 300000243 300000282 300000328,1,0
10193 10461 300000243 300000326,1,0
10193 10461 300000243 300000329,1,0
10193 10461 300000282 300000319 300000322 300000328,1,0
10193 10461 300000301 300000322 300000328,1,0
10193 10461 300000318,1,0
10193 10461 300000322 300000329,1,0
10193 10461 300000328,1,0
10193 10494 300000242,1,0
10193 200000481 300000282,1,0
10193 200000841,1,0
10193 300000003,1,0
10193 300000005 300000010,1,0
10193 300000005 300000018,1,0
10193 300000005 300000018 300000243 300000329,1,0
10193 300000005 300000048,1,0
10193 300000005 300000054 300000236 300000242 300000243 300000322,1,0
10193 300000005 300000207 300000243 300000329,1,0
10193 300000005 300000207 300000329,1,0
10193 300000005 300000236 300000242 300000243 300000319 300000322,1,0
10193 300000005 300000236 300000243 300000319 300000322 300000329,1,0
10193 300000005 300000236 300000243 300000322 300000330,1,0
10193 300000005 300000240,1,0
10193 300000005 300000242,1,0
10193 300000005 300000242 300000322,1,0
10193 300000005 300000242 320002821,1,0
10193 300000005 300000243 300000319,1,0
10193 300000005 300000305,1,0
10193 300000005 300000322 300000330,1,0
10193 300000005 300000323,1,0
10193 300000006 300000207,1,0
10193 300000006 300000319,1,0
10193 300000007,1,0
10193 300000007 300000329,1,0
10193 300000010 300000097,1,0
10193 300000010 300000220 300000243 300000376,1,0
10193 300000010 300000243 300000282,1,0
10193 300000010 300000282,1,0
10193 300000016 300000107 300000207 300000282 300000305,1,0
10193 300000016 300000243,1,0
10193 300000016 300000298,1,0
10193 300000016 300000329,1,0
10193 300000018 300000036,1,0
10193 300000018 300000038 300000042 300000078 300000097 300000188 300000210 300000242 300000243 300000282 300000298 300000322,1,0
10193 300000018 300000243 300000322,1,0
10193 300000025 300000242 300000243 300000282 300000322,1,0
10193 300000026 300000036,1,0
10193 300000035 300000210 300000243 300000322,1,0
10193 300000036 300000037 300000319 300000322,1,0
10193 300000036 300000243 300000319 300000322,1,0
10193 300000036 300000322,1,0
10193 300000036 300000330,1,0
10193 300000038 300000242 300000243 300000329,1,0
10193 300000038 300000319,1,0
10193 300000047 300000282,1,0
10193 300000048 300000097 300000183 300000207 300000242 300000243 300000282 300000319 300000322,1,0
10193 300000048 300000243 300000322,1,0
10193 300000090,1,0
10193 300000094 300000207 300000282 300000329,1,0
10193 300000095 300000188 300000207 300000243 300000282 300000319 300000320 300000322,1,0
10193 300000097 300000234 300000242 300000243 300000310 300000319 300000322,1,0
10193 300000103 300000242 300000243,1,0
10193 300000173 300000319 300000322 300000329,1,0
10193 300000180 300000319,1,0
10193 300000183 300000207 300000213 300000242 300000243 300000282 300000319,1,0
10193 300000183 300000207 300000236 300000243 300000282,1,0
10193 300000183 300000207 300000242 300000243 300000282 300000322,1,0
10193 300000188 300000207 300000236 300000243 300000282 300000322,1,0
10193 300000188 300000242 300000243 300000322,1,0
10193 300000188 300000328,1,0
10193 300000207 300000236 300000328 300000329,1,0
10193 300000207 300000242,1,0
10193 300000207 300000242 300000243 300000282,1,0
10193 300000207 300000242 300000243 300000282 300000322,1,0
10193 300000207 300000242 300000243 300000282 300000328,1,0
10193 300000207 300000243 300000282,1,0
10193 300000207 300000243 300000282 300000329,1,0
10193 300000207 300000282 300000328 300000329,1,0
10193 300000210 300000282,1,0
10193 300000213 300000242 300000243 300000282 300000319,1,0
10193 300000231 300000282 300000415,1,0
10193 300000234 300000242 300000243 300000282 300000310 300000319 300000322,1,0
10193 300000236 300000242,1,0
10193 300000236 300000242 300000243,1,0
10193 300000236 300000242 300000243 300000322 300000329,1,0
10193 300000236 300000242 300000243 300000328,1,0
10193 300000236 300000242 300000322,1,0
10193 300000236 300000243,1,0
10193 300000236 300000243 300000282 300000289 300000378 320002801,1,0
10193 300000236 300000243 300000282 300000319 300000322 300000328,1,0
10193 300000236 300000243 300000282 300000328 300000329,1,0
10193 300000236 300000282,1,0
10193 300000236 300000282 300000322 300000328,1,0
10193 300000236 300000282 300000328,1,0
10193 300000236 300000282 300000328 300000329,1,0
10193 300000236 300000302,1,0
10193 300000240 300000243,1,0
10193 300000242 300000243 300000282 320002821,1,0
10193 300000242 300000243 300000322 300000328,1,0
10193 300000242 300000243 300000328,1,0
10193 300000242 300000307,1,0
10193 300000242 300000319,1,0
10193 300000242 300000322,1,0
10193 300000243 300000282 300000322,1,0
10193 300000243 300000319 300000322 300000328,1,0
10193 300000243 300000319 300000329,1,0
10193 300000243 300000323,1,0
10193 300000243 300000330,1,0
10193 300000282 300000305 300000322,1,0
10193 300000282 300000319 300000328,1,0
10193 300000282 300000320,1,0
10193 300000282 300000322 300000329,1,0
10193 300000305 300000329,1,0
10193 300000305 300000330,1,0
10193 300000322 300000323,1,0
10193 300000322 300000328 300000329,1,0
10193 300000673,1,0
10193 320002821,1,0
10305,1,0
10305 10358 10373 300000036 300000208 300000328,1,0
10358 10373 10461 300000243,1,0
10358 10373 10461 300000328,1,0
10358 10373 300000005 300000319,1,0
10358 10373 300000010,1,0
10358 10373 300000242 300000243 300000328,1,0
10358 10373 300000320 300000328,1,0
10358 10461 300000005,1,0
10358 10461 300000236,1,0
10358 10461 300000242,1,0
10358 10461 300000243,1,0
10358 200000601,1,0
10358 300000005 300000018 300000329,1,0
10358 300000076,1,0
10358 300000076 300000329,1,0
10358 300000180,1,0
10358 300000330,1,0
10361 10461 300000243,1,0
10361 300000243 300000329,1,0
10366 300000243,1,0
10373 10461 200000481,1,0
10373 10461 300000005,1,0
10373 10461 300000036 300000282,1,0
10373 10461 300000243 300000329,1,0
10373 10461 300000282,1,0
10373 10486 300000243,1,0
10373 200000481 300000007 300000243,1,0
10373 200000481 300000016 300000322,1,0
10373 200000481 300000018,1,0
10373 200000481 300000328,1,0
10373 200000481 300000329,1,0
10373 200000481 300000377,1,0
10373 300000002 300000328,1,0
10373 300000007,1,0
10373 300000010,1,0
10373 300000010 300000328,1,0
10373 300000018,1,0
10373 300000036,1,0
10373 300000036 300000236 300000329,1,0
10373 300000038,1,0
10373 300000183,1,0
10373 300000183 300000207 300000243,1,0
10373 300000208,1,0
10373 300000223 300000228,1,0
10373 300000236 300000319,1,0
10373 300000242 300000243,1,0
10373 300000282,1,0
10373 300000301,1,0
10373 300000319,1,0
10373 300000322 300000328,1,0
10373 300000377,1,0
10461 10494,1,0
10461 200000481 300000243,1,0
10461 200000601 300000243 300000376 320002781,1,0
10461 200000842 300000236 300000328,1,0
10461 300000003,1,0
10461 300000003 300000005,1,0
10461 300000003 300000242 300000243 300000322,1,0
10461 300000004,1,0
10461 300000005 300000006,1,0
10461 300000005 300000010 300000329,1,0
10461 300000005 300000015,1,0
10461 300000005 300000015 300000243,1,0
10461 300000005 300000017,1,0
10461 300000005 300000018 300000036,1,0
10461 300000005 300000018 300000242 300000243,1,0
10461 300000005 300000038,1,0
10461 300000005 300000107,1,0
10461 300000005 300000236 300000242 300000243 300000322,1,0
10461 300000005 300000236 300000242 300000322,1,0
10461 300000005 300000236 300000243 300000322,1,0
10461 300000005 300000236 300000322 300000329,1,0
10461 300000005 300000242 300000243 300000322 300000329,1,0
10461 300000005 300000282,1,0
10461 300000005 300000305,1,0
10461 300000005 300000305 300000322,1,0
10461 300000005 300000312,1,0
10461 300000005 300000322 300000330,1,0
10461 300000006 300000010,1,0
10461 300000006 300000243,1,0
10461 300000006 300000329,1,0
10461 300000010 300000076 300000236 300000282 300000329,1,0
10461 300000010 300000090 300000108 300000180 300000403 300000677,1,0
10461 300000010 300000236 300000329,1,0
10461 300000010 300000243,1,0
10461 300000010 300000282,1,0
10461 300000010 300000319,1,0
10461 300000015 300000207,1,0
10461 300000016 300000282,1,0
10461 300000017 300000018 300000282,1,0
10461 300000017 300000018 300000322 300000328,1,0
10461 300000017 300000322,1,0
10461 300000018,1,0
10461 300000018 300000036,1,0
10461 300000018 300000322,1,0
10461 300000020,1,0
10461 300000035 300000038,1,0
10461 300000036,1,0
10461 300000036 300000076,1,0
10461 300000036 300000236 300000243,1,0
10461 300000036 300000242 300000322,1,0
10461 300000036 300000305,1,0
10461 300000038,1,0
10461 300000047 300000243,1,0
10461 300000074,1,0
10461 300000076 300000236 300000242 300000243 300000282 300000322,1,0
10461 300000076 300000242 300000243 300000282 300000322,1,0
10461 300000076 300000243,1,0
10461 300000076 300000319,1,0
10461 300000097,1,0
10461 300000171,1,0
10461 300000207 300000243,1,0
10461 300000210 300000322,1,0
10461 300000215,1,0
10461 300000218 300000307,1,0
10461 300000220,1,0
10461 300000226 300000319 300000322,1,0
10461 300000236 300000242,1,0
10461 300000236 300000242 300000243 300000322,1,0
10461 300000236 300000242 300000322,1,0
10461 300000236 300000243 300000282 300000302 300000319 300000320 300000322 300000329,1,0
10461 300000236 300000282 300000305 300000307 320002821,1,0
10461 300000236 300000319 300000322,1,0
10461 300000236 300000322 300000328,1,0
10461 300000236 300000322 300000329,1,0
10461 300000236 300000328,1,0
10461 300000242 300000243 300000282 300000322,1,0
10461 300000242 300000243 300000319 300000322,1,0
10461 300000242 300000319,1,0
10461 300000242 300000329,1,0
10461 300000243 300000319 300000322 300000329,1,0
10461 300000243 300000319 300000329,1,0
10461 300000243 300000322 300000329,1,0
10461 300000243 300000323,1,0
10461 300000243 300000330,1,0
10461 300000243 300000333,1,0
10461 300000282 300000310,1,0
10461 300000282 300000322 300000326 300000327 300000329,1,0
10461 300000282 300000322 300000328,1,0
10461 300000289 300000319,1,0
10461 300000291 300000319 300000329,1,0
10461 300000301 300000302 300000328,1,0
10461 300000302 300000322,1,0
10461 300000323 300000328,1,0
10461 300000327 300000329,1,0
10461 320002781,1,0
10461 320002821,1,0
10494 300000119,1,0
10494 300000242,1,0
10494 300000242 300000329,1,0
10494 300000322,1,0
10494 320002704,1,0
12289,1,0
200000241,1,0
200000481 300000018,1,0
200000481 300000213 300000319 300000329,1,0
200000481 300000236 300000329,1,0
200000481 300000282,1,0
200000841,1,0
200000841 300000047 300000329,1,0
2049 5617,1,0
2092 10358,1,0
2092 10461 300000236,1,0
2092 300000016,1,0
2092 300000016 300000298,1,0
2092 300000018,1,0
2092 300000032,1,0
2092 300000213,1,0
2092 300000236,1,0
2092 300000242,1,0
2092 300000242 300000282,1,0
2092 300000290,1,0
2092 300000298,1,0
2092 300000322,1,0
2092 300000329,1,0
2092 5409 7003 300000329,1,0
2092 7003 10193 10461 300000010 300000243 300000282 300000319 300000329 300000343,1,0
2092 7003 10193 300000243,1,0
2092 7003 300000018 300000282,1,0
2092 7003 300000298,1,0
2448 10373 12289 300000282,1,0
2448 10373 200000481,1,0
300000001,1,0
300000001 300000242,1,0
300000002 300000024 300000329,1,0
300000002 300000025,1,0
300000002 300000242 300000243,1,0
300000002 300000329 300000331,1,0
300000003 300000005,1,0
300000003 300000010 300000236,1,0
300000003 300000047 300000242 300000329,1,0
300000003 300000236,1,0
300000003 300000322 300000329,1,0
300000003 300000328,1,0
300000003 300000329,1,0
300000004 300000005,1,0
300000004 300000017,1,0
300000004 300000018 300000242 300000298,1,0
300000004 300000328,1,0
300000005 300000006 300000038,1,0
300000005 300000006 300000322,1,0
300000005 300000010 300000183,1,0
300000005 300000010 300000236,1,0
300000005 300000011 300000243,1,0
300000005 300000015 300000319,1,0
300000005 300000015 300000329,1,0
300000005 300000016 300000322 300000329,1,0
300000005 300000018 300000319,1,0
300000005 300000038 300000319,1,0
300000005 300000047 300000305,1,0
300000005 300000048 300000242,1,0
300000005 300000048 300000243,1,0
300000005 300000074 300000242 300000243 300000319 300000322 300000329,1,0
300000005 300000074 300000322,1,0
300000005 300000119 300000329,1,0
300000005 300000174 300000329,1,0
300000005 300000183 300000243,1,0
300000005 300000183 300000329,1,0
300000005 300000188,1,0
300000005 300000207 300000243,1,0
300000005 300000210,1,0
300000005 300000226,1,0
300000005 300000234 300000243,1,0
300000005 300000236 300000242 300000319,1,0
300000005 300000236 300000243,1,0
300000005 300000236 300000243 300000319 300000322 300000329,1,0
300000005 300000242 300000243 300000319,1,0
300000005 300000242 300000328 300000329,1,0
300000005 300000242 300000330,1,0
300000005 300000243 300000319 300000320,1,0
300000005 300000243 300000319 300000322 300000329,1,0
300000005 300000243 300000319 300000329,1,0
300000005 300000243 300000322 300000330,1,0
300000005 300000243 300000323,1,0
300000005 300000243 300000326,1,0
300000005 300000290 300000319,1,0
300000005 300000301,1,0
300000005 300000301 300000330,1,0
300000005 300000305 300000323,1,0
300000005 300000312 300000329,1,0
300000005 300000319 300000323,1,0
300000005 300000322 300000328,1,0
300000005 300000322 300000330,1,0
300000005 300000323 300000328,1,0
300000006 300000076,1,0
300000006 300000243,1,0
300000006 300000322 300000328,1,0
300000006 300000328,1,0
300000007 300000282,1,0
300000007 300000329,1,0
300000010 300000015 300000243,1,0
300000010 300000090 300000403,1,0
300000010 300000180 300000350 300000542,1,0
300000010 300000183,1,0
300000010 300000236 300000243,1,0
300000010 300000243 300000282,1,0
300000010 300000243 300000322,1,0
300000010 300000243 300000328,1,0
300000010 300000243 300000329,1,0
300000010 300000312 300000330,1,0
300000010 300000319 300000329,1,0
300000010 300000322 300000329,1,0
300000010 300000415,1,0
300000011 300000017 300000018 300000208 300000319 300000320 300000329,1,0
300000011 300000018 300000328,1,0
300000011 300000074 300000242,1,0
300000011 300000177,1,0
300000011 300000242,1,0
300000011 300000243,1,0
300000011 300000243 300000415,1,0
300000013,1,0
300000015 300000017 300000018 300000319,1,0
300000015 300000017 300000322,1,0
300000015 300000038,1,0
300000015 300000038 300000236,1,0
300000015 300000046,1,0
300000015 300000226,1,0
300000015 300000319 300000320,1,0
300000016 300000108 300000207,1,0
300000016 300000171 300000177 300000320,1,0
300000016 300000207 300000417,1,0
300000016 300000236,1,0
300000016 300000242 300000243,1,0
300000016 300000242 300000319,1,0
300000016 300000243,1,0
300000016 300000243 300000322,1,0
300000016 300000282 300000319,1,0
300000016 300000282 300000329,1,0
300000016 300000319 300000320,1,0
300000016 300000319 300000322,1,0
300000016 300000452,1,0
300000017 300000018 300000322,1,0
300000017 300000282,1,0
300000017 300000328,1,0
300000018 300000028 300000036,1,0
300000018 300000035 300000038 300000210 300000322,1,0
300000018 300000036,1,0
300000018 300000036 300000319,1,0
300000018 300000036 300000322,1,0
300000018 300000036 300000329,1,0
300000018 300000038,1,0
300000018 300000068,1,0
300000018 300000077,1,0
300000018 300000173 300000207 300000243 300000328,1,0
300000018 300000174 300000243,1,0
300000018 300000182 300000243,1,0
300000018 300000236 300000242 300000298,1,0
300000018 300000236 300000312,1,0
300000018 300000236 300000322,1,0
300000018 300000242 300000243 300000329,1,0
300000018 300000243 300000319,1,0
300000018 300000243 300000322,1,0
300000018 300000243 300000329,1,0
300000018 300000319 300000329,1,0
300000018 300000320,1,0
300000018 300000323,1,0
300000018 300000326,1,0
300000023,1,0
300000024 300000030 300000035 300000038 300000243,1,0
300000025 300000038 300000208,1,0
300000025 300000038 300000318 300000322,1,0
300000025 300000038 300000328,1,0
300000025 300000210,1,0
300000025 300000228,1,0
300000025 300000319 300000330,1,0
300000025 300000330,1,0
300000026 300000035 300000226 300000296,1,0
300000026 300000038,1,0
300000026 300000038 300000322,1,0
300000026 300000319,1,0
300000028 300000236 300000330,1,0
300000028 300000243 300000322,1,0
300000028 300000322,1,0
300000035 300000038 300000048,1,0
300000035 300000210,1,0
300000035 300000228,1,0
300000035 300000329,1,0
300000036 300000038 300000236,1,0
300000036 300000038 300000329,1,0
300000036 300000210 300000218,1,0
300000036 300000236 300000242 300000319 300000322 300000330,1,0
300000036 300000236 300000243,1,0
300000036 300000305,1,0
300000036 300000307 300000322,1,0
300000036 300000328,1,0
300000036 300000330,1,0
300000037 300000038 300000107 300000207,1,0
300000037 300000210 300000236 300000301 300000322,1,0
300000037 300000322 300000330,1,0
300000038 300000224 300000242,1,0
300000038 300000224 300000318,1,0
300000038 300000236 300000243,1,0
300000038 300000243 300000282,1,0
300000038 300000243 300000319,1,0
300000038 300000243 300000322,1,0
300000038 300000243 300000329,1,0
300000038 300000282,1,0
300000038 300000298,1,0
300000038 300000318 300000330,1,0
300000038 300000319 300000329,1,0
300000038 300000377,1,0
300000045,1,0
300000045 300000183,1,0
300000046 300000138 300000180,1,0
300000047 300000234 300000329,1,0
300000047 300000243 300000322,1,0
300000047 300000305,1,0
300000047 300000329,1,0
300000048 300000094 300000097 300000182 300000242 300000243 300000282 300000322,1,0
300000048 300000097,1,0
300000048 300000097 300000319,1,0
300000048 300000097 300000329,1,0
300000048 300000236 300000242,1,0
300000048 300000242 300000329,1,0
300000048 300000329,1,0
300000048 300000330,1,0
300000048 300000387,1,0
300000054 300000129 300000153 300000231 300000277 300000329,1,0
300000054 300000242 300000243,1,0
300000068 300000210 300000329 300000330,1,0
300000072 300000328 300000329,1,0
300000073 300000119 300000145 300000242 300000243 300000322,1,0
300000074 300000210,1,0
300000074 300000242,1,0
300000074 300000242 300000243,1,0
300000074 300000322,1,0
300000074 300000322 300000329,1,0
300000074 300000328 300000329,1,0
300000074 300000329,1,0
300000076 300000183 300000207 300000243 300000282,1,0
300000076 300000282,1,0
300000079,1,0
300000082,1,0
300000088,1,0
300000090 300000248,1,0
300000090 300000248 300000403,1,0
300000093 300000142 300000243,1,0
300000094 300000183 300000243,1,0
300000094 300000236,1,0
300000094 300000243,1,0
300000095 300000188 300000207,1,0
300000096,1,0
300000097 300000119 300000120,1,0
300000097 300000119 300000153,1,0
300000097 300000120 300000243,1,0
300000097 300000153,1,0
300000097 300000183 300000243,1,0
300000097 300000188,1,0
300000097 300000236,1,0
300000097 300000242 300000329,1,0
300000097 300000243 300000329,1,0
300000099,1,0
300000101 300000242 300000301 300000302 300000328,1,0
300000101 300000242 300000302 300000328,1,0
300000102 300000171 300000242,1,0
300000103,1,0
300000104 300000176,1,0
300000104 300000329,1,0
300000107 300000188 300000207 300000242 300000243 300000333,1,0
300000107 300000188 300000242 300000243 300000333,1,0
300000107 300000207,1,0
300000107 300000207 300000242 300000243 300000333,1,0
300000107 300000207 300000242 300000333,1,0
300000107 300000207 300000243,1,0
300000107 300000207 300000333,1,0
300000107 300000242 300000243 300000282 300000333,1,0
300000107 300000243 300000333,1,0
300000107 300000333,1,0
300000108 300000243,1,0
300000114,1,0
300000119 300000145 300000187,1,0
300000119 300000183 300000243 300000322,1,0
300000119 300000236 300000243 300000322,1,0
300000119 300000243 300000330,1,0
300000119 300000328,1,0
300000120 300000153 300000329,1,0
300000120 300000183 300000243,1,0
300000120 300000243 300000329,1,0
300000121,1,0
300000124 300000243,1,0
300000135,1,0
300000145 300000242,1,0
300000145 300000322,1,0
300000147 300000151,1,0
300000149,1,0
300000151 300000236 300000322 300000328,1,0
300000151 300000322,1,0
300000151 300000328,1,0
300000152,1,0
300000153 300000243,1,0
300000155,1,0
300000155 300000242,1,0
300000157 300000243,1,0
300000159,1,0
300000159 300000168 300000242,1,0
300000168 300000178 300000329 300000330,1,0
300000168 300000207 300000329,1,0
300000168 300000240,1,0
300000168 300000319,1,0
300000168 300000322,1,0
300000168 300000322 300000323,1,0
300000168 300000328,1,0
300000171 300000242 300000243,1,0
300000171 300000243 300000322,1,0
300000173,1,0
300000173 300000243,1,0
300000173 300000282,1,0
300000173 300000282 300000319,1,0
300000174 300000183,1,0
300000174 300000242,1,0
300000174 300000243 300000319,1,0
300000174 300000319,1,0
300000174 300000322,1,0
300000177,1,0
300000177 300000243,1,0
300000178 300000183 300000243,1,0
300000178 300000183 300000329,1,0
300000178 300000243,1,0
300000179 300000328,1,0
300000180 300000213 300000234 300000243 300000319 300000322,1,0
300000180 300000234,1,0
300000180 300000328,1,0
300000180 300000330,1,0
300000183 300000207,1,0
300000183 300000207 300000242,1,0
300000183 300000207 300000242 300000329,1,0
300000183 300000207 300000243,1,0
300000183 300000243 300000302,1,0
300000187 300000242 300000243,1,0
300000187 300000243,1,0
300000187 300000243 300000329,1,0
300000187 300000319 300000329,1,0
300000187 300000329,1,0
300000188 300000207,1,0
300000188 300000207 300000243,1,0
300000188 300000236,1,0
300000188 300000242 300000243 300000282 300000333,1,0
300000188 300000242 300000243 300000322,1,0
300000188 300000242 300000243 300000333,1,0
300000188 300000242 300000329,1,0
300000188 300000242 300000333,1,0
300000188 300000243 300000322,1,0
300000188 300000243 300000328,1,0
300000188 300000319,1,0
300000188 300000322,1,0
300000188 300000322 300000328,1,0
300000188 300000399,1,0
300000189,1,0
300000189 300000322,1,0
300000207 300000236 300000242,1,0
300000207 300000236 300000322,1,0
300000207 300000242 300000243 300000282 300000322,1,0
300000207 300000242 300000243 300000333,1,0
300000207 300000243 300000327,1,0
300000207 300000243 300000333,1,0
300000207 300000282,1,0
300000207 300000282 300000328 300000329,1,0
300000207 300000319,1,0
300000207 300000328,1,0
300000207 300000330,1,0
300000207 300000333,1,0
300000208 300000328,1,0
300000210 300000226,1,0
300000210 300000226 300000322,1,0
300000210 300000242 300000243,1,0
300000210 300000243 300000322,1,0
300000210 300000315,1,0
300000210 300000322,1,0
300000210 300000328 300000329,1,0
300000215 300000226 300000319 300000322,1,0
300000215 300000319 300000322,1,0
300000220 300000236 300000319,1,0
300000220 300000319,1,0
300000222,1,0
300000224,1,0
300000224 300000226 300000322,1,0
300000226 300000322 300000329,1,0
300000229,1,0
300000229 300000230,1,0
300000233,1,0
300000234 300000242 300000243 300000328,1,0
300000234 300000243,1,0
300000234 300000243 300000319,1,0
300000234 300000282,1,0
300000234 300000301,1,0
300000236 300000242 300000243 300000319 300000322,1,0
300000236 300000242 300000243 300000328,1,0
300000236 300000242 300000322 300000328,1,0
300000236 300000243 300000319 300000320,1,0
300000236 300000243 300000319 300000322,1,0
300000236 300000243 300000322 300000328,1,0
300000236 300000282 300000322 300000328 300000329,1,0
300000236 300000282 300000328,1,0
300000236 300000290 300000322 300000328,1,0
300000236 300000291 300000322,1,0
300000236 300000291 300000322 300000328,1,0
300000236 300000301 300000302 300000322,1,0
300000236 300000301 300000329,1,0
300000236 300000302 300000312,1,0
300000236 300000302 300000322,1,0
300000236 300000302 300000322 300000328,1,0
300000236 300000302 300000328,1,0
300000236 300000302 300000329,1,0
300000236 300000305,1,0
300000236 300000305 300000322 300000329,1,0
300000236 300000319 300000322 300000328,1,0
300000236 300000319 300000322 300000328 300000329,1,0
300000236 300000319 300000322 300000329,1,0
300000236 300000319 300000329,1,0
300000236 300000323 300000330,1,0
300000238,1,0
300000240 300000243,1,0
300000240 300000243 300000330,1,0
300000242 300000243 300000277,1,0
300000242 300000243 300000301 300000322 300000328,1,0
300000242 300000243 300000301 300000322 300000328 300000329,1,0
300000242 300000243 300000301 300000329,1,0
300000242 300000243 300000302 300000329,1,0
300000242 300000243 300000319 300000320 300000322 300000328,1,0
300000242 300000243 300000322 300000328,1,0
300000242 300000243 300000322 300000328 300000330,1,0
300000242 300000243 300000322 300000329,1,0
300000242 300000243 300000322 300000330,1,0
300000242 300000243 300000329 300000330,1,0
300000242 300000243 300000350,1,0
300000242 300000289 300000319,1,0
300000242 300000291,1,0
300000242 300000298,1,0
300000242 300000301,1,0
300000242 300000302 300000322,1,0
300000242 300000302 300000329,1,0
300000242 300000305,1,0
300000242 300000307,1,0
300000242 300000308 300000329,1,0
300000242 300000319 300000328,1,0
300000242 300000322 300000328,1,0
300000242 300000329 300000330,1,0
300000243 300000248,1,0
300000243 300000248 300000328,1,0
300000243 300000282 300000290,1,0
300000243 300000282 300000328,1,0
300000243 300000282 300000328 300000329,1,0
300000243 300000282 300000680,1,0
300000243 300000282 320002801,1,0
300000243 300000289,1,0
300000243 300000290 300000329,1,0
300000243 300000291,1,0
300000243 300000294 300000319,1,0
300000243 300000301 300000329,1,0
300000243 300000302 300000322,1,0
300000243 300000302 300000329,1,0
300000243 300000304 300000327,1,0
300000243 300000305 300000328 300000329,1,0
300000243 300000310,1,0
300000243 300000312 300000328,1,0
300000243 300000319 300000320 300000322 300000328 300000329,1,0
300000243 300000319 300000320 300000322 300000329,1,0
300000243 300000322 300000331,1,0
300000243 300000329 300000378 320002821,1,0
300000243 300000387,1,0
300000243 300000644,1,0
300000243 320002703,1,0
300000243 320002801,1,0
300000248,1,0
300000248 300000414 300000679,1,0
300000269,1,0
300000269 300000329,1,0
300000277 300000329,1,0
300000282 300000289 300000319,1,0
300000282 300000305 300000319,1,0
300000282 300000319 300000320 320002821,1,0
300000282 300000319 300000322,1,0
300000282 300000322 300000328,1,0
300000282 300000375,1,0
300000282 300000673,1,0
300000289 300000322,1,0
300000289 300000329,1,0
300000290 300000322,1,0
300000291 300000322,1,0
300000291 320002801,1,0
300000294 300000319 300000322,1,0
300000294 300000322 300000330,1,0
300000298 300000322,1,0
300000298 300000328,1,0
300000301 300000312,1,0
300000301 300000312 300000329,1,0
300000301 300000319 300000322,1,0
300000301 300000322 300000323,1,0
300000302 300000312,1,0
300000302 300000319,1,0
300000302 300000319 300000320 300000322 300000329,1,0
300000302 300000319 300000322,1,0
300000302 300000319 300000329,1,0
300000302 300000322 300000328,1,0
300000305 300000322 300000323,1,0
300000305 300000322 300000328,1,0
300000305 300000377,1,0
300000306,1,0
300000308,1,0
300000310,1,0
300000312 300000328,1,0
300000314,1,0
300000315 300000319,1,0
300000316,1,0
300000318 300000319,1,0
300000319 300000320 300000322 300000328 300000329,1,0
300000319 300000329 300000330,1,0
300000319 320002821,1,0
300000322 300000323 300000330,1,0
300000322 300000328 300000329,1,0
300000322 300000328 300000330,1,0
300000327 300000329,1,0
300000328 320002801,1,0
300000328 320002821,1,0
300000373,1,0
300000374,1,0
300000376 300000377 320002821,1,0
300000403,1,0
300000416,1,0
300000427,1,0
300000451,1,0
300000551,1,0
300000675,1,0
320002704,1,0
320002707,1,0
4167 300000188,1,0
4186 10461,1,0
4186 300000236,1,0
4186 300000242,1,0
5409 10193,1,0
5409 10193 10358 10373 10461 10494 200000481 300000010,1,0
5409 10193 10373 10461 200000481 300000007 300000213 300000236 300000242 300000243 300000322,1,0
5409 10193 10373 300000242,1,0
5409 10193 10494,1,0
5409 10193 300000329,1,0
5409 10358 300000243 300000329,1,0
5409 10366,1,0
5409 10373 10494,1,0
5409 10373 200000481 300000322,1,0
5409 10461 300000010 300000236 300000329,1,0
5409 10461 300000243,1,0
5409 300000010,1,0
5409 300000010 300000016 300000207 300000329,1,0
5409 300000038,1,0
5409 300000095 300000243 300000329,1,0
5409 300000097 300000101 300000119 300000120 300000187 300000243 300000277,1,0
5409 300000186,1,0
5409 300000210 300000243 300000329,1,0
5409 300000236,1,0
5409 300000236 300000243 300000329,1,0
5409 300000242 300000243 300000329 300000330,1,0
5409 300000243 300000282,1,0
5409 7003 10193 10358 10373 10461 10494 200000481,1,0
5409 7003 10193 10358 10373 300000010 300000236 300000329,1,0
5409 7003 10193 10358 10461 10494,1,0
5409 7003 10193 10373 10461 10494 200000481,1,0
5409 7003 10193 10494 300000329,1,0
5409 7003 10193 300000243 300000329,1,0
5409 7003 10358 10373 10461 10494 200000481,1,0
5409 7003 10358 300000243 300000329,1,0
5409 7003 10373 10461 10494 200000481 300000076 300000282,1,0
5409 7003 10373 10494 200000481 300000329,1,0
5409 7003 10373 200000481 300000329,1,0
5409 7003 10461,1,0
5409 7003 10494,1,0
5409 7003 300000207 300000243,1,0
5409 7003 300000207 300000243 300000329,1,0
5409 7003 300000210 300000236 300000243 300000329,1,0
5409 7003 300000210 300000243 300000329,1,0
5474,1,0
603,1,0
6562,1,0
6562 10243 10305,1,0
6798 7536 300000305,1,0
7003 10193 10358 10373,1,0
7003 10193 10358 10373 10461 10494 200000481,1,0
7003 10193 10358 10373 10461 10494 200000481 300000242,1,0
7003 10193 10358 10373 10461 200000481 300000038 300000242 300000243,1,0
7003 10193 10358 10373 10461 200000481 300000242 300000243 300000290,1,0
7003 10193 10358 10373 10494 200000481,1,0
7003 10193 10358 10373 200000481,1,0
7003 10193 10358 10373 200000481 300000242 300000243,1,0
7003 10193 10358 10461,1,0
7003 10193 10358 10461 200000481 300000038 300000242 300000243,1,0
7003 10193 10358 10461 300000097 300000243 300000329,1,0
7003 10193 10358 10461 300000243,1,0
7003 10193 10358 300000016 300000242 300000243,1,0
7003 10193 10358 300000017 300000243 300000320 300000322,1,0
7003 10193 10373,1,0
7003 10193 10373 10461,1,0
7003 10193 10373 10461 10494 200000481 300000242 300000282,1,0
7003 10193 10373 10461 200000481,1,0
7003 10193 10373 10461 200000481 300000038 300000242 300000243 300000282,1,0
7003 10193 10373 10461 200000481 300000242 300000243 300000282,1,0
7003 10193 10373 10461 200000481 300000282 300000319,1,0
7003 10193 10373 10461 300000242 300000243 300000282,1,0
7003 10193 10373 200000481,1,0
7003 10193 10373 200000481 300000242 300000243,1,0
7003 10193 10373 200000481 300000243 300000282,1,0
7003 10193 10373 300000004 300000321,1,0
7003 10193 10373 300000243 300000282,1,0
7003 10193 10373 300000282,1,0
7003 10193 10373 300000329,1,0
7003 10193 10461 300000005 300000010,1,0
7003 10193 10461 300000282,1,0
7003 10193 10494,1,0
7003 10193 300000004,1,0
7003 10193 300000017 300000018 300000322,1,0
7003 10193 300000018 300000307 300000329,1,0
7003 10193 300000036,1,0
7003 10193 300000207,1,0
7003 10193 300000207 300000329,1,0
7003 10193 300000236 300000243 300000282,1,0
7003 10193 300000242 300000243,1,0
7003 10193 300000242 300000282,1,0
7003 10193 300000243 300000329 300000377,1,0
7003 10193 300000282 300000319,1,0
7003 10193 300000282 300000329 300000680,1,0
7003 10193 300000327 320002801,1,0
7003 10214,1,0
7003 10358 10373 200000481,1,0
7003 10358 10461 10494 300000038 300000076 300000242,1,0
7003 10358 10461 300000183 300000243 300000291,1,0
7003 10358 10461 300000243,1,0
7003 10358 10494,1,0
7003 10358 300000010,1,0
7003 10358 300000242,1,0
7003 10358 300000307 300000329,1,0
7003 10373 10461 200000481,1,0
7003 10373 10461 200000481 300000010 300000242 300000243 300000415,1,0
7003 10373 10461 200000481 300000242 300000243 300000282,1,0
7003 10373 10461 200000481 300000243,1,0
7003 10373 10494 300000242,1,0
7003 10373 200000481 300000038 320002761,1,0
7003 10373 200000481 300000047,1,0
7003 10373 200000481 300000236,1,0
7003 10373 200000481 300000243 300000329,1,0
7003 10373 200000481 320002704,1,0
7003 10373 300000010 300000236 300000328,1,0
7003 10373 300000010 300000322 300000329,1,0
7003 10373 300000097 300000147 300000183 300000188 300000207 300000243 300000333 300000394,1,0
7003 10373 300000208,1,0
7003 10373 300000242,1,0
7003 10373 300000243 300000329,1,0
7003 10373 300000282,1,0
7003 10373 300000320,1,0
7003 10461 300000036 300000236,1,0
7003 10461 300000236,1,0
7003 10461 300000242 300000243,1,0
7003 10461 300000242 300000329,1,0
7003 10461 300000243,1,0
7003 10461 300000243 300000282,1,0
7003 10461 300000282 300000329,1,0
7003 10461 300000329 320002706,1,0
7003 10494 200000481 300000242,1,0
7003 10494 300000329,1,0
7003 200000601 300000243,1,0
7003 300000002 300000331,1,0
7003 300000007,1,0
7003 300000010,1,0
7003 300000011 300000018 300000298,1,0
7003 300000015,1,0
7003 300000015 300000319,1,0
7003 300000016 300000243 300000282 300000319,1,0
7003 300000016 300000282,1,0
7003 300000018 300000036 300000329,1,0
7003 300000018 300000208,1,0
7003 300000018 300000298,1,0
7003 300000025 300000038,1,0
7003 300000035,1,0
7003 300000036 300000236 300000305,1,0
7003 300000036 300000242,1,0
7003 300000036 300000243 300000301 300000328,1,0
7003 300000036 300000305,1,0
7003 300000038 300000243,1,0
7003 300000038 300000328,1,0
7003 300000094 300000243,1,0
7003 300000176,1,0
7003 300000207,1,0
7003 300000207 300000243,1,0
7003 300000208,1,0
7003 300000208 300000243,1,0
7003 300000236 300000243,1,0
7003 300000236 300000243 300000329,1,0
7003 300000236 300000282,1,0
7003 300000236 300000328,1,0
7003 300000242 300000243 300000333,1,0
7003 300000243 300000312,1,0
7003 300000243 300000319,1,0
7003 300000243 300000329 300000333,1,0
7003 300000243 300000333,1,0
7003 300000282 300000319,1,0
7003 300000282 320002821,1,0
7003 300000302,1,0
7003 300000322 300000329,1,0
7003 300000376 300000377,1,0
7003 300000419,1,0
7003 300000673,1,0
7003 320002761,1,0
8240 300000241,1,0
